date,score,scoreText,title,text,replyDate,replyText,version,thumbsUp,criterias/0/criteria,criterias/0/rating,criterias/1/criteria,criterias/1/rating,criterias/2/criteria,criterias/2/rating
2022-08-23T01:52:55.410Z,1,1,,"O app √© maravilhoso, uso h√° 2 anos. Mas a remo√ß√£o de alguns recursos da vers√£o gr√°tis √© decepcionante, entendo que o Premium √© necess√°rio para garantir o bom funcionamento do app, mas n√£o √© todo mundo que tem condi√ß√µes de pagar o Premium. Achei isso uma grande injusti√ßa e falta de sensibilidade com quem n√£o pode pagar. Poderiam continuar permitindo acesso aos usu√°rios da vers√£o gr√°tis dos recursos b√°sicos. Um app t√£o bom acaba se tornando decepcionante.",2022-08-26T13:00:56.329Z,"Ol√°, Ana! Sentimos muito por isso. O Flo tamb√©m tem op√ß√µes gratuitas. Esses recursos incluem um monitorador avan√ßado, previs√µes e uma grande comunidade para intera√ß√µes an√¥nimas. Se tiver alguma d√∫vida, ficaremos felizes em ajudar. Atenciosamente, Equipe de Suporte do Flo",8.18.0,86,,,,,,
2022-08-24T12:45:45.325Z,3,3,,"Gosto demais desse aplicativo, uso a algum tempo e indiquei pras minhas irm√£s, mais √© muito complicado quando precisamos mudar de aparelho de celular ou formatar, pois o app n√£o volta o que j√° tem salvo mesmo que a conta esteja vinculada. Essa seria ao menos uma fun√ß√£o que √© necess√°ria para quem usa seja para a vers√£o gratuita quanto a Premium. N√£o seria a primeira vez que perco meus dados, por esse motivo n√£o darei todas as estrelas.",2022-08-26T13:24:15.896Z,"Ol√°, Alieh! Agradecemos seus coment√°rios sinceros. Com o plano Premium, oferecemos recursos avan√ßados √†s assinantes, enquanto o monitoramento b√°sico de ciclos √© gratuito para todas as usu√°rias. Convidamos voc√™ a continuar acompanhando seu ciclo e compartilhar coment√°rios pelo e-mail support@flo.health. Atenciosamente, Equipe do Flo",8.18.0,34,vaf_never_display_ads_experience,,vaf_never_display_ease_of_use,,,
2022-08-21T14:02:12.900Z,1,1,,"O app √© muito bom, por√©m √© limitado a vers√£o Premium. Quando tento assinar a vers√£o para ter acesso aos conte√∫dos, ocorre erro no app e diz para acessar novamente mais tarde. J√° est√° assim h√° dias. Precisam lan√ßar uma vers√£o para corrigir esse bug. Por causa disso, uso outros apps muito bons.",2022-08-24T13:46:24.367Z,"Ol√°, Carla! Sentimos muito por isso. Queremos muito ajudar, mas precisamos do seu identificador no aplicativo para descobrir o motivo do problema e fornecer uma solu√ß√£o. Entre em contato conosco pelo aplicativo (Menu - Contatar suporte), e retornaremos com mais detalhes da sua solicita√ß√£o. Atenciosamente, Equipe do Flo",8.18.0,0,,,,,,
2022-08-10T13:11:14.323Z,3,3,,"No come√ßo era muito bom, depois foi reduzindo o acesso para usu√°rios gratuitos, como estou gestante migrei para a √°rea do mesmo e voc√™ n√£o tem acesso a absolutamente nada que n√£o tenha que pagar, at√© pensei se pagava mas √© muito caro, a√≠ descobri que tem outros aplicativos muito bons e que n√£o cobram nada pelas dicas, fica a dica!!",2022-08-11T09:03:06.619Z,"Ol√°, Cristina! Agradecemos as informa√ß√µes. Compreendemos que voc√™ n√£o tenha gostado da remo√ß√£o de alguns recursos do plano gratuito. Com o Premium, garantimos os fundos necess√°rios para desenvolver o aplicativo, mantendo os recursos b√°sicos gr√°tis. Toque no c√≠rculo na tela principal para ver mais detalhes sobre gravidez. Atenciosamente, Flo",8.18.0,1,,,,,,
2022-08-22T13:01:56.983Z,1,1,,"Eu uso esse app a mais de 10 anos, por√©m agora que tem a vers√£o Premium ficou p√©ssimo pra quem n√£o quer pagar. N√£o mostra mais quando a menstrua√ß√£o est√° atrasada, se n√£o veio no dia correto, o App muda o dia para o pr√≥ximo, como se fosse pra menstrua√ß√£o vir no dia seguinte e dessa forma n√£o tem como acompanhar se est√° atrasando, achei p√©ssimo!!!!!! Vou procurar outro.",2022-08-26T12:16:29.418Z,"Ol√°, Franciane ! Agradecemos seus coment√°rios. Como os ciclos costumam mudar, exibir logo um atraso n√£o seria muito correto. O Flo considera um intervalo no qual sua menstrua√ß√£o pode chegar. Se ela n√£o for registrada at√© o final desse intervalo, o aviso de atraso ser√° exibido. Atenciosamente, Equipe de Suporte do Flo",8.18.0,0,,,,,,
2022-08-18T14:36:31.631Z,4,4,,"gosto muito do aplicativo! Gostava mais quando ele monitorava os passos, n√£o sei oq aconteceu que depois de 1 m√™s de uso ele parou de mostrar a quantidade de passos. J√° ativei tudo no aplicativo, mas n√£o aparece a op√ß√£o de contar os passos ;-;",,,8.18.0,1,,,,,,
2022-08-18T14:31:31.818Z,5,5,,"√â um √≥timo app, eu sempre ficava mega perdida nos meus ciclos, mas agora acompanho tudo certinho. Uma boa dica: o seu parceiro pode instalar tamb√©m e preencher com o seu hist√≥rico de ciclo, pra ficar a par do seu ciclo igual a vc, isso pode ajud√°-lo a te ajudar",,,8.18.0,0,vaf_never_display_ease_of_use,,vaf_never_display_ads_experience,,,
2022-08-27T12:35:05.700Z,5,5,,"Um app sensacional. Interface muito bem feita, a vers√£o gr√°tis atende exatamente a que se pede e mais um pouco. N√£o tenho o que reclamar, s√≥ lembrar msm de registrar minha menstrua√ß√£o ü§ó. Muito bom, parab√©ns!",,,8.18.0,0,vaf_real_time_following,1,vaf_phase1_creating_routes,3,vaf_phase1_smartwatch_support,3
2022-08-22T21:30:05.942Z,5,5,,"J√° usei uma vez quando eu queria engravidar e me ajudou muito. Agora voltei a usar s√≥ para estar por dentro sobre meu ciclo e nao ser pega de surpresa com a menstrua√ß√£o. Mas agora que voltei a instalar apareceu pra mim a cobran√ßa da mensalidade, achei que fosse gr√°tis, mas o aplicativo √© √≥timo.",,,8.18.0,0,,,,,,
2022-08-19T02:51:52.234Z,5,5,,Aplicativo maravilhoso. Numas consegui marcar as datas dos meus ciclos. E com a Flo isso √© poss√≠vel pois o Aplicativo nos lembra. E detalhe nos ajudar a entender nosso humor pelo per√≠odo do ciclo. Amei. Est√£o de parab√©ns,,,8.18.0,0,,,,,,
2022-08-11T23:44:52.670Z,2,2,,"Tem informa√ß√£o at√© demais... Eu s√≥ queria saber o meu per√≠odo f√©rtil pra eu evitar sair de casa, n√£o quero engravidar de jeito nenhum, e n√£o consegui encontrar a informa√ß√£o do ""per√≠odo n√£o engravidavel"". Poderia ser mais objetivo, nem todas querem encher a menstrua√ß√£o de flores, EU s√≥ queria q ela termine r√°pido ü§∑üèª‚Äç‚ôÄÔ∏è",2022-08-23T14:48:59.123Z,"Ol√°, theMonia! Agradecemos de verdade seus coment√°rios. Para podermos entender melhor sua solicita√ß√£o e ajudar voc√™, entre em contato pelo aplicativo (Menu - Contatar suporte) ou pelo e-mail support@flo.health para compartilhar os detalhes do problema. Faremos o poss√≠vel para ajudar voc√™. Atenciosamente, Equipe de Suporte do Flo",8.18.0,0,,,,,,
2022-08-24T18:27:24.592Z,1,1,,"J√° foi muito bom....a informa√ß√£o deveria ser a todos. Hoje se for pra calcular o ciclo e pagar este valor √© melhor o m√©todo antigo ""Tabelinha"". J√° uso a muitos anos e vi o regresso para n√≥s que n√£o temos ou n√£o podemos pagar o pacote Premium....",2022-08-26T13:22:54.640Z,"Ol√°, Karina! Agradecemos seus coment√°rios sinceros. Com o plano Premium, oferecemos recursos avan√ßados √†s assinantes, enquanto o monitoramento b√°sico de ciclos √© gratuito para todas as usu√°rias. Convidamos voc√™ a continuar acompanhando seu ciclo e compartilhar coment√°rios pelo e-mail support@flo.health. Atenciosamente, Equipe do Flo",8.18.0,0,vaf_phase1_leaderboards,2,vaf_phase1_setting_goals,1,vaf_phase1_track_fitness_activities,1
2022-08-21T18:45:44.938Z,2,2,,"O app era o melhor por√©m agora √© muito limitado, tudo √© pago, entendo que seja o trabalho de quem coloca conte√∫do importante l√°, mas ficou inacess√≠vel para mim. Usu√°ria a mais de 4 anos e infelizmente irei procurar um app semelhante acess√≠vel para mim.",2022-08-24T13:44:43.726Z,"Ol√°, Elaine! Agradecemos seus coment√°rios sinceros. Com o plano Premium, oferecemos recursos avan√ßados √†s assinantes, enquanto o monitoramento b√°sico de ciclos √© gratuito para todas as usu√°rias. Convidamos voc√™ a continuar acompanhando seu ciclo e compartilhar coment√°rios pelo e-mail support@flo.health. Atenciosamente, Equipe do Flo",8.18.0,0,vaf_phase1_lockscreen_display,1,vaf_phase1_voice_controls,1,vaf_phase1_importing_recipes,1
2022-08-19T17:12:19.730Z,5,5,,"Amo esse app!!! Muita informa√ß√£o e esclarecimentos f√°ceis de entender. Muito did√°tico!! Tem op√ß√£o Premium, mas o n√≠vel de informa√ß√£o para n√£o assinantes √© incr√≠vel tamb√©m. Parab√©ns aos desenvolvedores!!! Muito legal saber que qualquer mulher pode ter acesso a esse tipo de informa√ß√£o.",,,8.18.0,0,,,,,,
2022-08-23T06:49:21.517Z,5,5,,"Apesar de ser assinante e ter acesso aos cursos, a maioria deles est√° em ingl√™s e n√£o possui a op√ß√£o de mudar para a legenda para portugu√™s.",,,8.18.0,0,vaf_never_display_ease_of_use,,vaf_never_display_ads_experience,,,
2022-08-26T11:34:20.809Z,1,1,,"Eu amava esse app, usei por anos a vers√£o gratuita mas infelizmente eles limitaram tudo, agora nem o b√°sico da pra usar mais um desrespeito com os usu√°rios antigos que n√£o tem condi√ß√µes de pagar o Premium, muito triste estou desinstalando... n√£o baixem √© totalmente Premium agora",,,8.18.0,0,vaf_phase1_tracking_weight,3,vaf_phase1_tracking_workouts,1,vaf_phase1_period_tracking,1
2022-08-27T16:13:50.338Z,5,5,,"Sou apaixonado pelo Flo, um aplicativo completo, super informativo, amo o chat que ele disponibiliza para interagirmos com outras mulheres sobre diversos assuntos, as pesquisas que ele entrega s√£o √≥timas tamb√©m... S√≥ amores pelo servi√ßo de voc√™s S2.",2021-06-03T12:07:55.376Z,"Ol√°, Agradecemos seus coment√°rios. √â realmente √≥timo saber que voc√™ gosta de usar nosso aplicativo! Estamos sempre trabalhando para aprimorar o Flo para que ele seja ainda mais √∫til e interessante para voc√™ no futuro. Atenciosamente, Equipe de Suporte do Flo",8.18.0,0,,,,,,
2022-08-18T14:16:33.371Z,3,3,,"Eu amava o app, uso j√° tem muito tempo, por√©m com a √∫ltima atualiza√ß√£o me senti muito limitada, antes t√≠nhamos acesso a diversos conte√∫dos que agora s√≥ s√£o possiveis no premium e agora estou pensando em mudar de aplicativo",2022-08-19T14:41:47.121Z,"Ol√°, Maria! Agradecemos as informa√ß√µes. Lamentamos que esteja decepcionada com a remo√ß√£o de recursos do plano gratuito. Com o Premium, garantimos os fundos necess√°rios para desenvolver o app, mantendo os recursos b√°sicos gr√°tis. Queremos ouvir seus coment√°rios. Envie um e-mail para support@flo.health. Atenciosamente, Equipe do Flo",8.18.0,0,,,,,,
2022-08-26T00:38:17.640Z,5,5,,"Adorei est√° me ajudando muito, √© muito bom √© me ajuda quando eu estou com d√∫vida, ainda mas vc pode compartilhar para ajudar outras pessoas tamb√©m üòéüëç, e tem pouqu√≠ssimos an√∫ncio, √© muito raro ver an√∫ncio nesse app, ent√£o eu recomendo muito üëâüì±üòé",,,8.18.0,0,vaf_never_display_ease_of_use,,vaf_never_display_ads_experience,,,
2022-08-16T15:30:05.134Z,4,4,,"Deveria ter mais op√ß√µes de sintomas, isso deixa a desejar . Uso a forma gr√°tis j√° tem bastante tempo, n√£o mudou muitas coisas, mas o app √© bom",,,8.18.0,0,,,,,,
2022-08-26T15:23:06.591Z,5,5,,"O app √© muito bom. Aprendi .hita coisa sobre o meu funcionamento que nem imaginava que tinha liga√ß√£o com meu ciclo. A partir disse, j√° deixo algumas atividades mais eatrategicas para certos dias do periodo porque sei que vou co seguir executar com mais animo.",,,8.18.0,0,,,,,,
2022-08-19T10:53:33.575Z,5,5,,"Um aplicativo extremamente √∫til, marca o dia da sua menstrua√ß√£o e sempre tem varias informa√ß√µes interessantes, recomendo bastante.‚ù§ü•∞",,,8.18.0,0,,,,,,
2022-08-23T12:11:50.459Z,3,3,,"O app e maravilhoso cai meu ciclo certinho,mais antes voc√™ podia conversar,ver a not√≠cias, agora com essa vers√£o Premium ai que tem que pagar,acabou,com o app,tudo tem que pagar o Premium.fizram uma palha√ßa.",2022-08-24T12:50:17.277Z,"Ol√°, Stephanie! Sentimos muito por isso. O Flo tamb√©m tem op√ß√µes gratuitas. Esses recursos incluem um monitorador avan√ßado, previs√µes e uma grande comunidade para intera√ß√µes an√¥nimas. Se tiver alguma d√∫vida, ficaremos felizes em ajudar. Atenciosamente, Equipe de Suporte do Flo",8.18.0,3,,,,,,
2022-08-17T11:08:41.371Z,5,5,,"√â muito f√°cil de usar, nunca tive qualquer problema, a √∫nica coisa √© que quando troquei de celular eu perdi todos os dados, achei que recuperaria quando acessasse a conta.",,,8.18.0,0,vaf_never_display_ease_of_use,,vaf_never_display_ads_experience,,,
2022-08-25T20:19:57.312Z,4,4,,O app e √≥timo mas tem um √∫nico problema quando vai ver tem algumas coisas q tem Premium e isso fica chato pq tem gente q n consegue assinar melhorem isso!,,,8.18.0,0,,,,,,
2022-08-20T13:18:01.922Z,3,3,,"Uso o aplicativo a anos e sempre optei por ele. Por√©m, recentemente, tudo o que quiser fazer dentro do app tem que tornar-se Premium, o que n√£o √© meu interesse.",2022-08-23T14:44:43.879Z,"Ol√°, Eduarda! Agradecemos as informa√ß√µes. Lamentamos que esteja decepcionada com a remo√ß√£o de recursos do plano gratuito. Com o Premium, garantimos os fundos necess√°rios para desenvolver o app, mantendo os recursos b√°sicos gr√°tis. Queremos ouvir seus coment√°rios. Envie um e-mail para support@flo.health. Atenciosamente, Equipe do Flo",8.18.0,0,,,,,,
2022-08-28T20:14:24.600Z,5,5,,"uso o app tem 4 anos me ajudou muito na minha primeira gesta√ß√£o e agora vai me ajudar na minha segunda gesta√ß√£o, eu amo esse app, nas menstrua√ß√µes tamb√©m sempre pontual. üëèüëè",,,8.18.0,0,,,,,,
2022-08-23T17:02:39.568Z,3,3,,"N√£o est√° dando para saber mais nada, todas as informa√ß√µes s√≥ s√£o acess√≠veis para o Premium... era muito bom, mas o Premium tomou conta do app",2022-08-24T12:00:54.853Z,"Ol√°, Isadora! Entendemos seu descontentamento porque alguns recursos est√£o s√≥ no Flo Premium. Com esse plano, garantimos os fundos necess√°rios para desenvolver e melhorar o app, enquanto o acompanhamento b√°sico do ciclo continua gratuito. Queremos ouvir seus coment√°rios: envie um e-mail para support@flo.health. Atenciosamente, Equipe do Flo",8.18.0,0,,,,,,
2022-08-26T13:20:16.854Z,4,4,,"Estou com dificuldade de cancelar minha assinatura, pois quando eu assinei eu usava IOS, por√©m agora uso Android, n√£o obtive resposta que realmente ajudasse a resolver meu problema.",,,8.18.0,0,,,,,,
2022-08-18T11:15:36.103Z,3,3,,"Aplicativo bom por√©m muito limitado. Antes era mais acess√≠vel, agora qualquer coisa precisa ser Premium, isso torna o app cansativo.",2022-08-19T14:13:14.296Z,"Ol√°, Kethelyn! Agradecemos as informa√ß√µes. Lamentamos que esteja decepcionada com a remo√ß√£o de recursos do plano gratuito. Com o Premium, garantimos os fundos necess√°rios para desenvolver o app, mantendo os recursos b√°sicos gr√°tis. Queremos ouvir seus coment√°rios. Envie um e-mail para support@flo.health. Atenciosamente, Equipe do Flo",8.18.0,0,,,,,,
2022-08-15T09:51:52.228Z,5,5,,"N√£o tenho condi√ß√µes de pagar pela vers√£o Premium, mas a vers√£o gratuita do APP me atende super bem! Sou muito satisfeita...",,,8.18.0,0,,,,,,
2022-08-19T18:38:03.246Z,4,4,,"o app √© simplesmente perfeito, pena que √© limitado, voc√™ s√≥ tem acesso ao restante atrav√©s da fun√ß√£o Premium",,,8.18.0,0,,,,,,
2022-08-19T15:51:46.860Z,5,5,,Eu super recomendo o aplicativo . Ele me ajuda a entender melhor como estou no per√≠odo pr√© menstrual e √© super intuitivo e f√°cil de usar .,,,8.18.0,0,vaf_never_display_ads_experience,,vaf_never_display_ease_of_use,,,
2022-08-20T16:49:10.355Z,1,1,,"O app √© √≥timo, por√©m engravidei e todas as informa√ß√µes s√£o somente para usuarios Premium. Vou desinstalar pois a √∫nica coisa que consigo ver s√£o as semanas que estou, isso j√° sei",2022-08-24T12:15:40.250Z,"Ol√°, G√©ssica! Lamentamos que esteja decepcionada com a remo√ß√£o de recursos do plano gratuito. Com o Premium, garantimos os fundos necess√°rios para desenvolver o app, mantendo os recursos b√°sicos gr√°tis. Queremos ouvir seus coment√°rios. Voc√™ pode tocar no c√≠rculo na tela principal para encontrar os detalhes da sua gravidez. Atenciosamente, Flo",8.18.0,0,,,,,,
2022-08-21T22:17:45.969Z,3,3,,"App f√°cil de usar, interface bonita, por√©m quando voce troca de celular voc√™ perde as informa√ß√µes que voc√™ j√° havia registrado!",2022-08-22T14:52:15.375Z,"Ol√°, Amanda! Agradecemos a avalia√ß√£o. Quando voc√™ se registra no Flo (Menu - Perfil - Continuar), √© sempre poss√≠vel restaurar os dados depois de trocar de dispositivo. Toque em ‚ÄúInscrever-se e restaurar dados‚Äù e insira seu e-mail e senha para ver os registros antigos. Atenciosamente, Equipe do Flo",8.18.0,0,vaf_never_display_ads_experience,,vaf_never_display_ease_of_use,,,
2022-08-22T11:50:03.939Z,3,3,,"O app era maravilhoso , mais de uma semana pra ca n√£o esta mais mostrando meu ciclo fertil e isso e uma coisa q tirou muito a minha anima√ß√£o de continuar com o app",2022-08-23T14:45:04.290Z,"Ol√°, Lilian! Lamentamos a inconveni√™ncia. Veja mais informa√ß√µes sobre as previs√µes de ovula√ß√£o aqui: https://help.flo.health/hc/pt/articles/360015106672-. Se precisar de mais alguma coisa, fale com a gente pelo aplicativo: Menu ‚Äî Ajuda ‚Äî Fale conosco. Estamos √† sua disposi√ß√£o! Atenciosamente, Flo",8.18.0,0,,,,,,
2022-08-13T16:48:11.347Z,4,4,,√â um app muito bom nunca erra nas pr√≥ximas datas e se n√£o fosse esse app estava perdidinha ele √© √≥timo s√≥ n√£o vou dar as 5 estrelas pq nada √© perfeito mas eles se app √© √≥timo super recomendo,,,8.18.0,0,vaf_never_display_ease_of_use,,vaf_never_display_ads_experience,,,
2022-08-20T13:46:16.560Z,1,1,,"Achei interessante no come√ßo, mas infelizmente e um app pago, pq a vers√£o gratuita n√£o da pra fazer nada, infelizmente",2022-08-22T14:43:59.237Z,"Ol√°, Luana! Sentimos muito por isso. O Flo tamb√©m tem op√ß√µes gratuitas. Esses recursos incluem um monitorador avan√ßado, previs√µes e uma grande comunidade para intera√ß√µes an√¥nimas. Se tiver alguma d√∫vida, ficaremos felizes em ajudar. Atenciosamente, Equipe de Suporte do Flo",8.18.0,0,,,,,,
2022-08-17T00:50:42.598Z,3,3,,"E bom usar o aplicativo porque ajude-me a controlar o ciclo mestrual, e importante para mim. Pq sem o mesmo n consigo ter controlo sobre os periodos ferteis e d ovula√ß√£o.",2022-08-24T10:35:37.450Z,"Ol√°, Gertrudes! Agradecemos de verdade seus coment√°rios. Ficamos felizes em saber que voc√™ gosta de usar o Flo. Percebemos que sua avalia√ß√£o tem 3 estrelas. Poderia nos dizer se alguma coisa n√£o saiu como esperado? Se precisar de ajuda, √© s√≥ falar conosco. Atenciosamente, Equipe de Suporte do Flo",8.18.0,0,,,,,,
2022-08-21T10:36:53.798Z,1,1,,"N√£o consigo cancelar a assinatura, o endere√ßo de e-mail para d√∫vidas aparece como inv√°lido quando tento enviar as d√∫vidas.",2022-08-22T14:51:59.475Z,"Ol√°, Josiane! Sentimos muito por isso. Queremos muito ajudar, mas precisamos do seu identificador no aplicativo para descobrir o motivo do problema e fornecer uma solu√ß√£o. Entre em contato conosco pelo aplicativo (Menu - Contatar suporte), e retornaremos com mais detalhes da sua solicita√ß√£o. Atenciosamente, Equipe do Flo",8.18.0,0,,,,,,
2022-08-11T02:15:01.510Z,3,3,,"Aplicativo muito bom ,fala nossa linguagem ,e n√≥s mant√©m atualizada com nosso ciclo,super recomendo .",2022-08-11T08:59:50.483Z,"Ol√°, Daiane! Agradecemos de verdade seus coment√°rios. Ficamos felizes em saber que voc√™ gosta de usar o Flo. Percebemos que sua avalia√ß√£o tem 3 estrelas. Poderia nos dizer se alguma coisa n√£o saiu como esperado? Se precisar de ajuda, √© s√≥ falar conosco. Atenciosamente, Equipe de Suporte do Flo",8.18.0,0,,,,,,
2022-08-23T14:49:47.440Z,5,5,,O app tem me ajudado muito com controle do ciclo menstrual e muitas outras coisas relacionadas ao sistema Feminino.,,,8.18.0,0,,,,,,
2022-08-14T20:42:09.730Z,5,5,,"Melhor app que j√° usei, mesmo com o pacote gratuito tem muita informa√ß√£o boa, e levando em considera√ß√£o ao ciclo √© bem preciso .",,,8.18.0,0,vaf_never_display_ease_of_use,,vaf_never_display_ads_experience,,,
2022-08-25T17:08:50.149Z,5,5,,"Usava outro app h√° dois anos, mudei pra esse recentemente pois tem beeem mais op√ß√µes de registro. Al√©m de trazer previs√µes mais precisas. Adorando!",,,8.18.0,0,,,,,,
2022-08-28T11:02:18.367Z,1,1,,"aplicativo bom, mas retiraram muitos recursos da vers√£o gratuita, sinto falta de v√°rios recursos.",2022-08-31T13:04:25.490Z,"Ol√°, Agradecemos seus coment√°rios sinceros. Com o plano Premium, oferecemos recursos avan√ßados √†s assinantes, enquanto o monitoramento b√°sico de ciclos √© gratuito para todas as usu√°rias. Convidamos voc√™ a continuar acompanhando seu ciclo e compartilhar coment√°rios pelo e-mail support@flo.health. Atenciosamente, Equipe do Flo",8.18.0,0,,,,,,
2022-08-24T16:49:39.594Z,5,5,,"gostei muito do app e est√° me ajudando muito nesse per√≠odo q enfrentamos, √†s vezes com tanta dor e desespero rsrs",,,8.18.0,0,,,,,,
2022-08-22T11:05:37.521Z,5,5,,"Gosto bastante dessa aplicativo ele sempre acerta o dia da minha mestruacao e ele tem √≥timas dicas ,queria poder usar a parte mais completa dele mas n√£o tenho como pagar ent√£o RS mas oque n√© entrega est√° maravilhoso",,,8.18.0,0,,,,,,
2022-08-18T09:27:45.750Z,1,1,,"Uso o app a muitos anos, por√©m agora est√° errando meu ciclo, e oferecendo a vers√£o Premium pra tudo, infelizmente vou procurar outro aplicativo",2022-08-19T14:27:21.299Z,"Ol√°, Fl√°via! Sentimos muito por isso. O Flo tamb√©m tem uma vers√£o gratuita. Ela oferece um monitorador avan√ßado, previs√µes e uma comunidade robusta na qual voc√™ interage de forma an√¥nima. Se tiver alguma d√∫vida, ficaremos felizes em ajudar. Atenciosamente, Equipe de Suporte do Flo",8.18.0,0,vaf_phase1_leaderboards,3,vaf_never_display_inappropriate_ads,2,vaf_phase1_training_community,1
2022-08-16T04:23:24.798Z,5,5,,gente eu amei esse aplicativo eu n√£o tinha nem no√ß√£o eu ficava mais perdido do que cego em tiroteio que eu esquecia e com esse aplicativo depois que eu baixei gente parecia um milagre certinho todo dia que ele marca √© tiro e queda assim n√£o erra uma eu amei t√° de parab√©ns eu recomendo,,,8.18.0,0,vaf_never_display_disruptive_ads,2,vaf_phase1_smartwatch_support,3,vaf_period_tracking,1
2022-08-16T15:33:04.832Z,5,5,,Gosto muito do aplicativo. Ele √© f√°cil de usar e a linguagem utilizada √© bem simples de ser entendido.,,,8.18.0,0,,,,,,
2022-08-23T11:55:52.730Z,3,3,,o aplicativo s√≥ e bom at√© vc engravidar depois que engravida n√£o tem mais fun√ß√µes gr√°tis e as pagas n√£o d√° curiosidade!,2022-08-23T11:54:34.436Z,"Ol√°! Lamentamos que esteja decepcionada com a remo√ß√£o de recursos do plano gratuito. Com o Premium, garantimos os fundos necess√°rios para desenvolver o app, mantendo os recursos b√°sicos gr√°tis. Queremos ouvir seus coment√°rios. Voc√™ pode tocar no c√≠rculo na tela principal para encontrar os detalhes da sua gravidez. Atenciosamente, Equipe do Flo",8.18.0,0,,,,,,
2022-08-26T13:23:05.459Z,1,1,,Estou saindo do APP que j√° uso a 4 anos pq t√° praticamente for√ßando assinatura agora so assinando pr√™mio para ver as principais informa√ß√µes do ciclo antes dava pra ver mas limitaram üòíüòíüòí,,,8.18.0,0,,,,,,
2022-08-20T17:54:11.860Z,5,5,,"Amoooo esse app, est√° me ajudando muito a conhecer meu corpo. Acho que o valor poderia ser mais acess√≠vel. Mas est√£o de parab√©ns pelo app.",,,8.18.0,0,,,,,,
2022-08-20T11:00:36.762Z,1,1,,perdeu o brilho quando tiraram o acesso para n√£o assinantes do papo privado e orienta√ß√µes m√©dicas.,2022-08-22T14:41:55.860Z,"Ol√°, Ana! Lamentamos que sua experi√™ncia n√£o tenha sido boa. Parece que h√° algo de errado no aplicativo. Entre em contato com a gente pelo aplicativo (Menu ‚Äî Ajuda ‚Äî Fale conosco) ou envie um e-mail para support@flo.health. Assim, poderemos investigar o caso e ajudar voc√™. Atenciosamente, Equipe de Suporte do Flo",8.18.0,0,,,,,,
2022-08-08T11:12:00.660Z,3,3,,"A maioria das coisas tem que pagar pra saber, triste üò¢ Quem n√£o paga s√≥ v√™ o b√°sico e olhe l√°, isso podia melhorar.",2022-08-08T14:19:56.113Z,"Ol√°, Gabrielle! Agradecemos as informa√ß√µes. Lamentamos que esteja decepcionada com a remo√ß√£o de recursos do plano gratuito. Com o Premium, garantimos os fundos necess√°rios para desenvolver o app, mantendo os recursos b√°sicos gr√°tis. Queremos ouvir seus coment√°rios. Envie um e-mail para support@flo.health. Atenciosamente, Equipe do Flo",8.18.0,0,,,,,,
2022-08-26T02:35:29.648Z,5,5,,"Estou gostando, mas uso a vers√£o free ent√£o n√£o tenho muitas fun√ß√µes dispon√≠veis.",,,8.18.0,0,,,,,,
2022-08-22T19:40:33.628Z,5,5,,"Excelente aplicativo, interativo e auxilia muito.",,,8.18.0,0,vaf_never_display_ease_of_use,,vaf_never_display_ads_experience,,,
2022-08-12T19:44:40.257Z,5,5,,"Muito bom, por√©m tem essa tal assinatura que enche o saco, mais fora isso √© muito bom....",,,8.18.0,0,,,,,,
2022-08-25T14:14:17.350Z,5,5,,√≥timo para acompanhamento. sempre d√° √≥timas dicas e avalia seus sintomas.,,,8.18.0,0,,,,,,
2022-08-28T03:41:46.746Z,5,5,,"o app mttt bom, da bastante informa√ß√µes e interage bastante com a gente. Amei mtt",,,8.18.0,0,,,,,,
2022-08-30T13:28:08.608Z,5,5,,"excelente, estou muito satisfeita , um aplicativo gratuito mas t√£o preciso, parab√©ns",,,8.18.0,0,,,,,,
2022-08-10T17:23:31.351Z,5,5,,"√≥timo em registrar, n√£o vir at√© agora problemas com o APP!",,,8.18.0,0,,,,,,
2022-08-21T20:34:57.983Z,5,5,,"Melhor aplicativo para monitoramento, sempre acerta as datas previstas para o come√ßo do ciclo menstrual.",,,8.18.0,0,,,,,,
2022-08-28T16:26:56.142Z,5,5,,extremamente detalhado. muito bom! um dia espero ter a vers√£o premium ü•∞,,,8.18.0,0,,,,,,
2022-08-13T14:23:24.727Z,5,5,,"Muito bom gente, me salvou bastante pq sou uma pessoa p√©ssima com datas kkkk √© s√≥ registrar a menstrua√ß√£o que o app faz tudo",,,8.18.0,0,,,,,,
2022-08-18T11:12:26.883Z,5,5,,"Gostei bastante, mas na minha opini√£o, teria que ser completamente gratuito üòâ",,,8.18.0,0,,,,,,
2022-08-24T14:51:25.117Z,2,2,,"√â bom mas poderia ser melhor, as principais orienta√ß√µes s√£o pagas",2022-08-26T10:19:29.701Z,"Ol√°, Deisiane! Agradecemos as informa√ß√µes. Lamentamos que esteja decepcionada com a remo√ß√£o de recursos do plano gratuito. Com o Premium, garantimos os fundos necess√°rios para desenvolver o app, mantendo os recursos b√°sicos gr√°tis. Queremos ouvir seus coment√°rios. Envie um e-mail para support@flo.health. Atenciosamente, Equipe do Flo",8.18.0,0,,,,,,
2022-08-21T13:41:41.608Z,3,3,,como acabei de baixar o APP n√£o posso falar muito mas minha primeira avalia√ß√£o √© que parece ser bom.no decorrer do tempo eu volto aqui e falo como realmente est√° sendo,2022-08-24T12:12:32.139Z,"Ol√°, Cida! Agradecemos por escolher o Flo! Para saber como usar o Flo, leia este artigo na nossa Central de Ajuda: https://help.flo.health/hc/pt/articles/360014347632- . Se preferir, fale com a gente pelo aplicativo: Menu ‚Äî Ajuda ‚Äî Fale conosco ou envie um e-mail para support@flo.health. Estamos √† sua disposi√ß√£o! Equipe do Flo",8.18.0,0,,,,,,
2022-08-26T00:26:13.700Z,5,5,,"√ìtimo aplicativo, sem contar que temos como tirar d√∫vidas e aprender muita coisa",,,8.18.0,0,,,,,,
2022-08-14T13:14:08.366Z,5,5,,"Eu sempre esquecia de anotar a data do meu ciclo ,com o flor n√£o tive mais problema.",,,8.18.0,0,,,,,,
2022-08-17T20:13:44.803Z,2,2,,Infelizmente com as atualiza√ß√µes ele passou a limitar a experi√™ncia do usu√°rio,2022-08-22T14:40:22.601Z,"Ol√°, Suyane! Agradecemos de verdade seus coment√°rios. As usu√°rias s√£o nossa prioridade, e queremos saber de voc√™ o que podemos melhor no aplicativo para que ele seja mais √∫til. Envie suas sugest√µes para support@flo.health. Seus coment√°rios s√£o muito importantes para n√≥s. Atenciosamente, Equipe de Suporte do Flo",8.18.0,0,,,,,,
2022-08-25T15:45:32.459Z,1,1,,tem que pagar para quase todas as fun√ß√µes,2022-08-26T09:52:07.339Z,"Ol√°, Lav√≠nia! Sentimos muito por isso. O Flo tamb√©m tem op√ß√µes gratuitas. Esses recursos incluem um monitorador avan√ßado, previs√µes e uma grande comunidade para intera√ß√µes an√¥nimas. Se tiver alguma d√∫vida, ficaremos felizes em ajudar. Atenciosamente, Equipe de Suporte do Flo",8.18.0,0,,,,,,
2022-08-18T23:44:38.103Z,5,5,,Melhor aplicativo do mundo!! Uso a mais de 5 anos e sempre me ajudou a acompanhar meu ciclo! Nota mil,,,8.18.0,0,,,,,,
2022-08-19T14:50:26.757Z,3,3,,"Gosto do app ! Muito legal , mas meu ciclo √© muito bagun√ßado confunde at√© o app üòÖ , imagina eu kk",2022-08-22T14:41:24.368Z,"Ol√°, Gabriela! Agradecemos por escolher o Flo! Para saber como usar o Flo, leia este artigo na nossa Central de Ajuda: https://help.flo.health/hc/pt/articles/360014347632- . Se preferir, fale com a gente pelo aplicativo: Menu ‚Äî Ajuda ‚Äî Fale conosco ou envie um e-mail para support@flo.health. Estamos √† sua disposi√ß√£o! Equipe do Flo",8.18.0,0,vaf_never_display_ads_experience,,vaf_never_display_ease_of_use,,,
2022-08-09T15:55:55.119Z,2,2,,Sempre que entro no app apresenta erros e sai sozinho,2022-08-11T08:30:51.784Z,"Ol√°, Let√≠cia! Contate-nos pelo e-mail support@flo.health. Informe o problema, o modelo do dispositivo e o espa√ßo livre dispon√≠vel. Ficaremos felizes em ajudar. Atenciosamente, Equipe de Suporte do Flo",8.18.0,0,,,,,,
2022-08-19T13:58:17.697Z,5,5,,Eu gostei eu antes n√£o conseguia me organizar agora j√° sei tudo certinho pq bate certo,,,8.18.0,0,,,,,,
2022-08-14T08:53:42.870Z,5,5,,"Esse aplicativo √© fant√°stico, parece que conhece meu corpo at√© melhor que eu mesma, indico a 100%",,,8.18.0,0,vaf_phase1_creating_routes,1,vaf_phase1_period_tracking,1,vaf_never_display_visually_good,1
2022-08-29T00:07:52.570Z,5,5,,"bom, esse aplicativo tem ajudado bastante a monitora o meu ciclo a cada m√™s",,,8.18.0,0,,,,,,
2022-08-10T03:29:26.544Z,4,4,,"super bom, pena que sai automaticamente do app quando esta em uso...",,,8.18.0,0,,,,,,
2022-08-14T22:47:17.469Z,5,5,,"Muito √ötil,passei a conhecer meu corpo e enteder cada fase. Super √≠ndico",,,8.18.0,0,,,,,,
2022-08-10T00:34:52.685Z,4,4,,"muito bom, mas as vezes d√° uma travada",,,8.18.0,0,vaf_never_display_easy_to_use,1,vaf_phase1_cardio_training,1,vaf_phase1_period_tracking,1
2022-08-29T12:48:23.446Z,5,5,,"O app √© √≥timo j√° uso a um tempinho e nunca errou,mais eu tenho uma d√∫vida, pq o app marca 5 dias de menstrua√ß√£o e n√£o 7 dias?",,,8.18.0,0,,,,,,
2022-08-11T00:53:24.824Z,5,5,,"Bom app, informa dados real√≠sticos e precisos",,,8.18.0,0,,,,,,
2022-08-12T23:34:30.769Z,5,5,,Ajuda muito no controle do ciclo.,,,8.18.0,0,,,,,,
2022-08-14T15:23:45.399Z,5,5,,muito o bom o app ajuda muito a manitora o ciclo menstrual,,,8.18.0,0,,,,,,
2022-08-12T02:54:50.670Z,1,1,,Tem muita publicidade.,2022-08-18T13:11:31.283Z,"Ol√°, Engr√°cia! Lamentamos que a promo√ß√£o do Flo Premium tenha incomodado voc√™. Trabalhamos muito no desenvolvimento do nosso produto para que ele seja √∫til na sua jornada di√°ria rumo √† sa√∫de. Adorar√≠amos que voc√™ experimentasse o Flo Premium, mas saiba que valorizamos todos os nossos usu√°rios, sejam da vers√£o gr√°tis ou assinantes. Equipe do Flo",8.18.0,0,vaf_phase1_importing_recipes,3,vaf_phase1_period_tracking,1,vaf_never_display_visually_bad,2
2022-08-11T14:24:43.569Z,5,5,,por que tem como eu atualizar deretinho sobre meu m√™s mestrual e saber momento exato por em pr√°tica para tentar um bb ovula√ß√£o,,,8.18.0,0,,,,,,
2022-08-21T22:52:28.320Z,5,5,,Excelente muito bom da dicas e avalia√ß√µes diarias,,,8.18.0,0,,,,,,
2022-08-24T03:02:40.812Z,2,2,,"Ele e muito bom, s√≥ que muitas coisas nele tem que ser assinante.",2022-08-24T11:29:25.434Z,"Ol√°, Adriana! Entendemos seu descontentamento porque alguns recursos est√£o s√≥ no Flo Premium. Com esse plano, garantimos os fundos necess√°rios para desenvolver e melhorar o app, enquanto o acompanhamento b√°sico do ciclo continua gratuito. Queremos ouvir seus coment√°rios: envie um e-mail para support@flo.health. Atenciosamente, Equipe do Flo",8.18.0,0,vaf_never_display_ease_of_use,,vaf_never_display_ads_experience,,,
2022-08-15T01:39:27.742Z,4,4,,interessante acompanhar o nosso ciclo menstrual..,,,8.18.0,0,,,,,,
2022-08-25T12:28:40.974Z,5,5,,"Estou amando, tem me ajudado a me entender. Estou satisfeita e recomendo!! :)",,,8.18.0,0,,,,,,
2022-08-16T10:57:23.389Z,5,5,,"Atende minhas necessidades, super pr√°tico e informativo",,,8.18.0,0,,,,,,
2022-08-30T03:05:45.920Z,5,5,,"√ìtimo, um √≥timo aplicativo se vc √© uma daquelas pessoas que esquece o dia",,,8.18.0,0,vaf_phase1_leaderboards,3,vaf_phase1_3rd_party_music,3,vaf_phase1_voice_coach,3
2022-08-25T02:16:17.820Z,5,5,,ainda n√£o estou entendendo muito o APP mas o que deu pra entender eu gostei muito,,,8.18.0,0,,,,,,
2022-08-26T17:48:34.151Z,5,5,,"excelente aplicativo, marca certinho o dia do meu ciclo !!",,,8.18.0,0,,,,,,
2022-08-13T15:02:01.511Z,5,5,,Muito √∫til...sempre sei o dia agora e ainda tem outra informa√ß√µes sobre meu ciclo,,,8.18.0,0,vaf_setting_goals,1,,,,
2022-08-29T16:53:48.578Z,5,5,,"Melhor aplicativo que j√° instalei na minha vida, sabe melhor do meu ciclo do que eu mesma. Fora as dicas maravilhosas q sempre nos tr√°s",,,8.18.0,0,vaf_phase1_setting_goals,1,vaf_phase1_offline_logging,1,vaf_never_display_spend_more_time,3
2022-08-16T15:39:23.933Z,5,5,,muito √∫til e pr√°tico,2022-08-16T16:34:42.268Z,"Ol√°, Agradecemos por suas palavras gentis! Ficamos felizes em saber que voc√™ gosta de usar o Flo. Trabalhamos ao m√°ximo para criar novos recursos e sempre nos esfor√ßamos para melhorar as funcionalidades atuais. Atenciosamente, Equipe de Suporte do Flo",8.18.0,0,,,,,,
2022-08-28T17:37:41.290Z,4,4,,√â bom mas precisa mais da sensibilidade,,,8.18.0,0,vaf_never_display_ease_of_use,,,,,
2022-08-22T14:20:20.986Z,5,5,,maravilhoso pra quem t√° tentando engravidar‚ù§Ô∏èamei,,,8.18.0,0,,,,,,
2022-08-16T00:33:33.550Z,5,5,,"muito bom para marcar o suclo menstrual, estou usando e estou gostando do app, obrigada por criarem esse app‚ù§üôå",,,8.18.0,0,,,,,,
2022-08-09T15:46:26.783Z,5,5,,"Perfeito, funciona direitinho comigo, como tenho TPM consigo me policiar mais nos meus sintomas. Parab√©ns a equipe que programou o App.",,,8.18.0,0,,,,,,
2022-08-26T14:04:54.106Z,5,5,,"e mto bom, ele avisa quando vem e quando acaba, 0% de defeitos",,,8.18.0,0,,,,,,
2022-08-23T02:15:25.890Z,5,5,,Muito assertivo e facil de usar,,,8.18.0,0,,,,,,
2022-08-25T01:43:22.863Z,4,4,,√â um bom aplicativo para fazer o controle ciclo,,,8.18.0,0,vaf_never_display_ease_of_use,,vaf_never_display_ads_experience,,,
2022-08-29T14:54:53.509Z,2,2,,Gosto muito desse app pena que agora tudo est√° Premium,2022-08-31T09:02:49.531Z,"Ol√°, Carla! Entendemos seu descontentamento porque alguns recursos est√£o s√≥ no Flo Premium. Com esse plano, garantimos os fundos necess√°rios para desenvolver e melhorar o app, enquanto o acompanhamento b√°sico do ciclo continua gratuito. Queremos ouvir seus coment√°rios: envie um e-mail para support@flo.health. Atenciosamente, Equipe do Flo",8.18.0,0,,,,,,
2022-08-19T12:48:34.522Z,4,4,,"atende o que eu preciso, f√°cil manuseio! ü•∞",,,8.18.0,0,,,,,,
2022-08-27T00:25:14.878Z,2,2,,estou dando apenas duas estrelas pq meu ciclo n√£o t√° dando certo neste aplicativo,2022-08-31T12:54:04.980Z,"Ol√°! Sentimos muito por isso. Queremos muito ajudar, mas precisamos do seu identificador no aplicativo para descobrir o motivo do problema e fornecer uma solu√ß√£o. Entre em contato conosco pelo aplicativo (Menu - Contatar suporte), e retornaremos com mais detalhes da sua solicita√ß√£o. Atenciosamente, Equipe do Flo",8.18.0,0,,,,,,
2022-08-27T01:14:15.621Z,5,5,,"Um aplicativo essencial, maravilhoso.",2022-08-27T01:39:57.332Z,"Ol√°, Agradecemos seus belos coment√°rios. Ficamos sempre muito felizes quando nossas usu√°rias elogiam o Flo, ent√£o continue assim! Atenciosamente, Equipe de Suporte do Flo",8.18.0,0,,,,,,
2022-08-20T21:37:25.599Z,5,5,,Um aplicativo muito √∫til e maravilhoso,,,8.18.0,0,,,,,,
2022-08-13T14:51:42.121Z,5,5,,s√≥ √© ruim pq eles fala um m√™s gr√°tis mas √± vai,,,8.18.0,0,,,,,,
2022-08-12T08:16:51.800Z,5,5,,√â um √≥timo aplicativo adorei me ajudou muito a conhecer o meu corpo,,,8.18.0,0,vaf_setting_goals,1,,,,
2022-08-14T03:43:14.740Z,1,1,,Era bom agora o app todinho √© Premium o que nus leva a n√£o ter ele,2022-08-19T14:08:42.150Z,"Ol√°, Cristiane! Entendemos seu descontentamento porque alguns recursos est√£o s√≥ no Flo Premium. Com esse plano, garantimos os fundos necess√°rios para desenvolver e melhorar o app, enquanto o acompanhamento b√°sico do ciclo continua gratuito. Queremos ouvir seus coment√°rios: envie um e-mail para support@flo.health. Atenciosamente, Equipe do Flo",8.18.0,0,,,,,,
2022-08-15T19:24:02.833Z,5,5,,"√ìtimo aplicativo, ele est√° sempre certo!",,,8.18.0,0,vaf_never_display_ads_experience,,vaf_never_display_ease_of_use,,,
2022-08-16T12:03:36.187Z,5,5,,Excelente aplicativo. Acompanho meu ciclo direitinho ‚ò∫Ô∏è,,,8.18.0,0,,,,,,
2022-08-19T14:30:48.132Z,5,5,,esse aplicativo √© muito bom estou amando indico se medo de errar ‚ù§Ô∏è,,,8.18.0,0,,,,,,
2022-08-12T15:59:25.150Z,4,4,,nota 10 o melhor to aprendendo ainda a mwxwr6,,,8.18.0,0,,,,,,
2022-08-27T04:39:54.960Z,5,5,,Esse app meagodo muito gente e serio eu amei esse app ajuda muito gente üå∏üòç,,,8.18.0,0,,,,,,
2022-08-25T13:31:28.274Z,5,5,,"perfeito, eu nao sabia que precisava desse app, ate usa-lo",,,8.18.0,0,,,,,,
2022-08-12T19:20:49.681Z,4,4,,gostei demais f√°cil de usar,,,8.18.0,0,,,,,,
2022-08-24T10:00:12.172Z,5,5,,"Bem completo, incluindo as dicas.",,,8.18.0,0,,,,,,
2022-08-19T02:20:17.573Z,5,5,,"muito completo, adorei! ü•∞",2022-08-19T04:52:48.467Z,"Ol√°, Agradecemos por suas palavras gentis! Ficamos felizes em saber que voc√™ gosta de usar o Flo. Trabalhamos ao m√°ximo para criar novos recursos e sempre nos esfor√ßamos para melhorar as funcionalidades atuais. Atenciosamente, Equipe de Suporte do Flo",8.18.0,0,,,,,,
2022-08-22T20:31:51.300Z,5,5,,"muito bem organizado, amei ü§ç",,,8.18.0,0,,,,,,
2022-08-17T13:09:21.347Z,5,5,,"Tem me ajudado Muito, n√£o s√≥ a conhecer meu corpo como a me organizar diante as realidades hormonais",,,8.18.0,0,,,,,,
2022-08-18T18:33:44.614Z,4,4,,Muito bom! cumpre com a proposta.,,,8.18.0,0,,,,,,
2022-08-18T00:09:48.459Z,5,5,,√ötil para ter controle do ciclo menstrual,,,8.18.0,0,,,,,,
2022-08-24T14:41:40.394Z,5,5,,"√≥timo aplicativo, eu gosto muito e recomendo.",,,8.18.0,0,,,,,,
2022-08-24T10:09:00.130Z,5,5,,"aplicativo maravilhoso, n√£o falha , otimo amo usar ele",,,8.18.0,0,,,,,,
2022-08-26T15:10:36.278Z,5,5,,"app incr√≠vel, n sei mais viver sem ele",,,8.18.0,0,,,,,,
2022-08-21T17:34:41.628Z,5,5,,J√° tenho o app desde 2019 e √© perfeito,,,8.18.0,0,,,,,,
2022-08-27T00:04:01.477Z,5,5,,"Muito bom, uso desde a minha primeira menstrua√ß√£o.",,,8.18.0,0,vaf_never_display_ease_of_use,,vaf_never_display_ads_experience,,,
2022-08-26T14:06:33.333Z,5,5,,Amo esse app. Ele facilita a vida das mulheres.,,,8.18.0,0,,,,,,
2022-08-23T00:49:15.570Z,3,3,,coisas como identificar um ABUSO N√ÉO DEVERIAM SER PAGOS.,,,8.18.0,0,,,,,,
2022-08-22T17:50:11.500Z,5,5,,"estou amando, por conta de minha menstrua√ß√£o e irregular",,,8.18.0,0,,,,,,
2022-08-16T14:31:14.198Z,5,5,,"Excelente app, eu amo!!!",,,8.18.0,0,,,,,,
2022-08-26T15:16:03.357Z,5,5,,"√ìtimo, tem me ajudado muito!",,,8.18.0,0,,,,,,
2022-08-14T23:25:30.619Z,5,5,,at√© o momento est√° muito bomüôÇ to gostando‚ù§,,,8.18.0,0,,,,,,
2022-08-27T19:30:16.627Z,5,5,,Super amei bate certinho quando vem minha menstrua√ß√£o e ovula√ß√£o,,,8.18.0,0,,,,,,
2022-08-27T14:08:09.847Z,5,5,,Eu amo muito o app. Recomendo!,,,8.18.0,0,vaf_never_display_ease_of_use,,vaf_never_display_ads_experience,,,
2022-08-15T18:13:49.290Z,5,5,,Amo esse app. √â perfeito!,,,8.18.0,0,,,,,,
2022-08-22T15:08:14.452Z,5,5,,eu amo esse aplicativo e muito bom,,,8.18.0,0,,,,,,
2022-08-12T22:44:54.315Z,5,5,,esse aplicativo est√° me ajudando muito amei,,,8.18.0,0,,,,,,
2022-08-24T16:55:04.824Z,5,5,,√ìtimo App sempre acerta o meu cicloüëèüëèüëè,,,8.18.0,0,,,,,,
2022-08-23T11:43:03.502Z,4,4,,me conhecendo melhor com esse aplicativo....muito bom,,,8.18.0,0,,,,,,
2022-08-17T20:54:39.612Z,5,5,,Muito bom esse aplicativo!!! ‚ù§Ô∏è,,,8.18.0,0,,,,,,
2022-08-26T13:56:04.410Z,5,5,,Excelente √© pouco.,,,8.18.0,0,,,,,,
2022-08-22T23:29:09.721Z,5,5,,Esse aplicativo √© √≥timo.,2022-08-23T05:22:13.429Z,"Ol√°, Agradecemos por compartilhar sua experi√™ncia positiva! Seus coment√°rios s√£o muito valiosos para n√≥s. Estamos constantemente trabalhando para melhorar o Flo e deix√°-lo cada vez mais interessante e √∫til para voc√™. Atenciosamente, Equipe de Suporte do Flo",8.18.0,0,,,,,,
2022-08-26T13:39:52.340Z,5,5,,foi um dos melhores aplicativo que eu j√° usei at√© agr,,,8.18.0,0,,,,,,
2022-08-23T22:56:43.917Z,5,5,,Tem me ajudado muito a monitorar meu ciclo.,,,8.18.0,0,,,,,,
2022-08-23T09:32:07.861Z,4,4,,"O app √© bom eu amei,ele nunca erra ü•∞ü•∞",,,8.18.0,0,,,,,,
